Workbook
Name Slicer_Department_Name: #N/A
Name Slicer_Employment_Status: #N/A
Name Slicer_Performance_Band: #N/A
Name Slicer_Year_of_Service: #N/A

Sheet Raw_Employee_Data
A1: Emp ID | B1: Full Name | C1: Dept Code | D1: Hire Date | E1: Salary | F1: Perf_Score | G1: Employment Status | H1: Department Name | I1: Year of Service | J1: Performance Band | K1: Bonus Percentage | L1: Bonus Amount
A2: EMP127 | B2: Emily Brown | C2: IT02 | D2: 43093 | E2: 50361 | F2: 52 | G2: Active | H2: =_xlfn.XLOOKUP(C2,Lookup_Departments!A:A,Lookup_Departments!B:B,"Code not Found") -> Information Technology | I2: =DATEDIF(D2,TODAY(),"Y") -> 8 | J2: =_xlfn.XLOOKUP(F2,Lookup_Performance!A:A,Lookup_Performance!C:C, "No Band",-1) -> Developing | K2: =_xlfn.XLOOKUP(F2,Lookup_Performance!A:A,Lookup_Performance!D:D,0,-1) -> 0.02 | L2: =E2*K2 -> 1007.22
A3: EMP046 | B3: Richard Hernandez | C3: MKT04 | D3: 44659 | E3: 112673 | F3: 68 | G3: Active | H3: =_xlfn.XLOOKUP(C3,Lookup_Departments!A:A,Lookup_Departments!B:B,"Code not Found") -> Marketing | I3: =DATEDIF(D3,TODAY(),"Y") -> 4 | J3: =_xlfn.XLOOKUP(F3,Lookup_Performance!A:A,Lookup_Performance!C:C, "No Band",-1) -> Developing | K3: =_xlfn.XLOOKUP(F3,Lookup_Performance!A:A,Lookup_Performance!D:D,0,-1) -> 0.02 | L3: =E3*K3 -> 2253.46
A4: EMP134 | B4: Emily Gonzalez | C4: IT02 | D4: 42431 | E4: 114425 | F4: 54 | G4: Left | H4: =_xlfn.XLOOKUP(C4,Lookup_Departments!A:A,Lookup_Departments!B:B,"Code not Found") -> Information Technology | I4: =DATEDIF(D4,TODAY(),"Y") -> 10 | J4: =_xlfn.XLOOKUP(F4,Lookup_Performance!A:A,Lookup_Performance!C:C, "No Band",-1) -> Developing | K4: =_xlfn.XLOOKUP(F4,Lookup_Performance!A:A,Lookup_Performance!D:D,0,-1) -> 0.02 | L4: =E4*K4 -> 2288.5
A5: EMP139 | B5: John Martinez | C5: FIN03 | D5: 45110 | E5: 103831 | F5: 70 | G5: Active | H5: =_xlfn.XLOOKUP(C5,Lookup_Departments!A:A,Lookup_Departments!B:B,"Code not Found") -> Finance | I5: =DATEDIF(D5,TODAY(),"Y") -> 3 | J5: =_xlfn.XLOOKUP(F5,Lookup_Performance!A:A,Lookup_Performance!C:C, "No Band",-1) -> Achieving | K5: =_xlfn.XLOOKUP(F5,Lookup_Performance!A:A,Lookup_Performance!D:D,0,-1) -> 0.05 | L5: =E5*K5 -> 5191.55 | O5: =MAX(F:F) -> 99
A6: EMP112 | B6: Thomas Smith | C6: IT02 | D6: 44977 | E6: 73785 | F6: 40 | G6: Left | H6: =_xlfn.XLOOKUP(C6,Lookup_Departments!A:A,Lookup_Departments!B:B,"Code not Found") -> Information Technology | I6: =DATEDIF(D6,TODAY(),"Y") -> 3 | J6: =_xlfn.XLOOKUP(F6,Lookup_Performance!A:A,Lookup_Performance!C:C, "No Band",-1) -> Needs Improvement | K6: =_xlfn.XLOOKUP(F6,Lookup_Performance!A:A,Lookup_Performance!D:D,0,-1) -> 0 | L6: =E6*K6 -> 0
A7: EMP030 | B7: Emily Johnson | C7: OPS06 | D7: 43892 | E7: 115882 | F7: 49 | G7: Active | H7: =_xlfn.XLOOKUP(C7,Lookup_Departments!A:A,Lookup_Departments!B:B,"Code not Found") -> Operations | I7: =DATEDIF(D7,TODAY(),"Y") -> 6 | J7: =_xlfn.XLOOKUP(F7,Lookup_Performance!A:A,Lookup_Performance!C:C, "No Band",-1) -> Needs Improvement | K7: =_xlfn.XLOOKUP(F7,Lookup_Performance!A:A,Lookup_Performance!D:D,0,-1) -> 0 | L7: =E7*K7 -> 0
A8: EMP096 | B8: John Wilson | C8: OPS06 | D8: 45272 | E8: 59980 | F8: 70 | G8: Left | H8: =_xlfn.XLOOKUP(C8,Lookup_Departments!A:A,Lookup_Departments!B:B,"Code not Found") -> Operations | I8: =DATEDIF(D8,TODAY(),"Y") -> 2 | J8: =_xlfn.XLOOKUP(F8,Lookup_Performance!A:A,Lookup_Performance!C:C, "No Band",-1) -> Achieving | K8: =_xlfn.XLOOKUP(F8,Lookup_Performance!A:A,Lookup_Performance!D:D,0,-1) -> 0.05 | L8: =E8*K8 -> 2999
A9: EMP098 | B9: Jessica Smith | C9: OPS06 | D9: 44174 | E9: 68728 | F9: 45 | G9: Active | H9: =_xlfn.XLOOKUP(C9,Lookup_Departments!A:A,Lookup_Departments!B:B,"Code not Found") -> Operations | I9: =DATEDIF(D9,TODAY(),"Y") -> 5 | J9: =_xlfn.XLOOKUP(F9,Lookup_Performance!A:A,Lookup_Performance!C:C, "No Band",-1) -> Needs Improvement | K9: =_xlfn.XLOOKUP(F9,Lookup_Performance!A:A,Lookup_Performance!D:D,0,-1) -> 0 | L9: =E9*K9 -> 0
A10: EMP095 | B10: Rodriguez | C10: FIN03 | D10: 43107 | E10: 102139 | F10: 79 | G10: Active | H10: =_xlfn.XLOOKUP(C10,Lookup_Departments!A:A,Lookup_Departments!B:B,"Code not Found") -> Finance | I10: =DATEDIF(D10,TODAY(),"Y") -> 8 | J10: =_xlfn.XLOOKUP(F10,Lookup_Performance!A:A,Lookup_Performance!C:C, "No Band",-1) -> Achieving | K10: =_xlfn.XLOOKUP(F10,Lookup_Performance!A:A,Lookup_Performance!D:D,0,-1) -> 0.05 | L10: =E10*K10 -> 5106.95
A11: EMP140 | B11: Michael Martinez | C11: SAL05 | D11: 42676 | E11: 94998 | F11: 58 | G11: Active | H11: =_xlfn.XLOOKUP(C11,Lookup_Departments!A:A,Lookup_Departments!B:B,"Code not Found") -> Sales | I11: =DATEDIF(D11,TODAY(),"Y") -> 9 | J11: =_xlfn.XLOOKUP(F11,Lookup_Performance!A:A,Lookup_Performance!C:C, "No Band",-1) -> Developing | K11: =_xlfn.XLOOKUP(F11,Lookup_Performance!A:A,Lookup_Performance!D:D,0,-1) -> 0.02 | L11: =E11*K11 -> 1899.96
A12: EMP020 | B12: Emily Miller | C12: SAL05 | D12: 43911 | E12: 118635 | F12: 49 | G12: Active | H12: =_xlfn.XLOOKUP(C12,Lookup_Departments!A:A,Lookup_Departments!B:B,"Code not Found") -> Sales | I12: =DATEDIF(D12,TODAY(),"Y") -> 6 | J12: =_xlfn.XLOOKUP(F12,Lookup_Performance!A:A,Lookup_Performance!C:C, "No Band",-1) -> Needs Improvement | K12: =_xlfn.XLOOKUP(F12,Lookup_Performance!A:A,Lookup_Performance!D:D,0,-1) -> 0 | L12: =E12*K12 -> 0
A13: EMP057 | B13: Emily Hernandez | C13: IT02 | D13: 42425 | E13: 76918 | F13: 62 | G13: Active | H13: =_xlfn.XLOOKUP(C13,Lookup_Departments!A:A,Lookup_Departments!B:B,"Code not Found") -> Information Technology | I13: =DATEDIF(D13,TODAY(),"Y") -> 10 | J13: =_xlfn.XLOOKUP(F13,Lookup_Performance!A:A,Lookup_Performance!C:C, "No Band",-1) -> Developing | K13: =_xlfn.XLOOKUP(F13,Lookup_Performance!A:A,Lookup_Performance!D:D,0,-1) -> 0.02 | L13: =E13*K13 -> 1538.36
A14: EMP016 | B14: Jane Williams | C14: MKT04 | D14: 44364 | E14: 61408 | F14: 48 | G14: Active | H14: =_xlfn.XLOOKUP(C14,Lookup_Departments!A:A,Lookup_Departments!B:B,"Code not Found") -> Marketing | I14: =DATEDIF(D14,TODAY(),"Y") -> 5 | J14: =_xlfn.XLOOKUP(F14,Lookup_Performance!A:A,Lookup_Performance!C:C, "No Band",-1) -> Needs Improvement | K14: =_xlfn.XLOOKUP(F14,Lookup_Performance!A:A,Lookup_Performance!D:D,0,-1) -> 0 | L14: =E14*K14 -> 0
A15: EMP070 | B15: Jane Miller | C15: MKT04 | D15: 44001 | E15: 99990 | F15: 54 | G15: Active | H15: =_xlfn.XLOOKUP(C15,Lookup_Departments!A:A,Lookup_Departments!B:B,"Code not Found") -> Marketing | I15: =DATEDIF(D15,TODAY(),"Y") -> 6 | J15: =_xlfn.XLOOKUP(F15,Lookup_Performance!A:A,Lookup_Performance!C:C, "No Band",-1) -> Developing | K15: =_xlfn.XLOOKUP(F15,Lookup_Performance!A:A,Lookup_Performance!D:D,0,-1) -> 0.02 | L15: =E15*K15 -> 1999.8
A16: EMP025 | B16: Robert Jones | C16: MKT04 | D16: 43820 | E16: 80385 | F16: 68 | G16: Active | H16: =_xlfn.XLOOKUP(C16,Lookup_Departments!A:A,Lookup_Departments!B:B,"Code not Found") -> Marketing | I16: =DATEDIF(D16,TODAY(),"Y") -> 6 | J16: =_xlfn.XLOOKUP(F16,Lookup_Performance!A:A,Lookup_Performance!C:C, "No Band",-1) -> Developing | K16: =_xlfn.XLOOKUP(F16,Lookup_Performance!A:A,Lookup_Performance!D:D,0,-1) -> 0.02 | L16: =E16*K16 -> 1607.7
A17: EMP031 | B17: Thomas Rodriguez | C17: SAL05 | D17: 45169 | E17: 65290 | F17: 77 | G17: Active | H17: =_xlfn.XLOOKUP(C17,Lookup_Departments!A:A,Lookup_Departments!B:B,"Code not Found") -> Sales | I17: =DATEDIF(D17,TODAY(),"Y") -> 2 | J17: =_xlfn.XLOOKUP(F17,Lookup_Performance!A:A,Lookup_Performance!C:C, "No Band",-1) -> Achieving | K17: =_xlfn.XLOOKUP(F17,Lookup_Performance!A:A,Lookup_Performance!D:D,0,-1) -> 0.05 | L17: =E17*K17 -> 3264.5
... A151: EMP103 | B151: Amanda Brown | C151: IT02 | D151: 44848 | E151: 118634 | F151: 91 | G151: Active | H151: =_xlfn.XLOOKUP(C151,Lookup_Departments!A:A,Lookup_Departments!B:B,"Code not Found") -> Information Technology | I151: =DATEDIF(D151,TODAY(),"Y") -> 3 | J151: =_xlfn.XLOOKUP(F151,Lookup_Performance!A:A,Lookup_Performance!C:C, "No Band",-1) -> Exceeding | K151: =_xlfn.XLOOKUP(F151,Lookup_Performance!A:A,Lookup_Performance!D:D,0,-1) -> 0.08 | L151: =E151*K151 -> 9490.72

Sheet HR Dashboard
I1: HR ANALYTICS DASHBOARD | AD1: Department | AE1: Average of Salary | AF1: Head Count | AG1: Head Count | AH1: Attrition Rate %
AD2: Finance | AE2: 87173.588 | AF2: 17 | AG2: Department | AH2: Active | AI2: Left | AJ2: Resigned
AD3: Human Resources | AE3: 85536.278 | AF3: 18 | AG3: Finance | AH3: 0.82352941 | AI3: 0.17647059 | AJ3: 0
B4: Total Employes | AD4: Information Technology | AE4: 80512.833 | AF4: 36 | AG4: Human Resources | AH4: 0.83333333 | AI4: 0.11111111 | AJ4: 0.055555556
B5: 150 | AD5: Marketing | AE5: 85407.947 | AF5: 19 | AG5: Information Technology | AH5: 0.77777778 | AI5: 0.16666667 | AJ5: 0.055555556
F6: Q1: Salary Pivot | AD6: Operations | AE6: 80049.931 | AF6: 29 | AG6: Marketing | AH6: 0.84210526 | AI6: 0.15789474 | AJ6: 0
F7: Q2: Attrition Pivot | AD7: Sales | AE7: 86333.097 | AF7: 31 | AG7: Operations | AH7: 0.62068966 | AI7: 0.20689655 | AJ7: 0.17241379
F8: Q3: Performance Pivot | AD8: Grand Total | AE8: 83603.94 | AF8: 150 | AG8: Sales | AH8: 0.80645161 | AI8: 0.12903226 | AJ8: 0.064516129
F9: Q4: Bonus Pivot | AD9: Performance Band | AE9: Sum of Bonus Amount | AG9: Grand Total | AH9: 0.77333333 | AI9: 0.16 | AJ9: 0.066666667
AD10: Achieving | AE10: 165216.95 | AG10: Employment Status | AH10: Average of Perf_Score
B11: Average Salary | AD11: Developing | AE11: 84593.28 | AG11: Active | AH11: 67.741379
B12: =AVERAGE(Table2[Salary]) -> 83603.94 | AD12: Exceeding | AE12: 144689.44 | AG12: Left | AH12: 66.208333
AD13: Needs Improvement | AE13: 0 | AG13: Resigned | AH13: 76.4
AD14: Outstanding | AE14: 92411.52 | AG14: Grand Total | AH14: 68.073333
AD15: Grand Total | AE15: 486911.19
B18: Overall Attrition Rate
B19: =COUNTIF(Table2[Employment Status],"left") -> 24 | C19: left
B20: =COUNTIF(Table2[Employment Status],"Resigned") -> 10 | C20: resigned

Sheet Analysis
A2: Q1 | E2: Q2
A3: Department | B3: Average of Salary | C3: Head Count | E3: Head Count | F3: Attrition Rate %
A4: Finance | B4: 87173.588 | C4: 17 | E4: Department | F4: Active | G4: Left | H4: Resigned
A5: Human Resources | B5: 85536.278 | C5: 18 | E5: Finance | F5: 0.82352941 | G5: 0.17647059 | H5: 0
A6: Information Technology | B6: 80512.833 | C6: 36 | E6: Human Resources | F6: 0.83333333 | G6: 0.11111111 | H6: 0.055555556
A7: Marketing | B7: 85407.947 | C7: 19 | E7: Information Technology | F7: 0.77777778 | G7: 0.16666667 | H7: 0.055555556
A8: Operations | B8: 80049.931 | C8: 29 | E8: Marketing | F8: 0.84210526 | G8: 0.15789474 | H8: 0
A9: Sales | B9: 86333.097 | C9: 31 | E9: Operations | F9: 0.62068966 | G9: 0.20689655 | H9: 0.17241379
A10: Grand Total | B10: 83603.94 | C10: 150 | E10: Sales | F10: 0.80645161 | G10: 0.12903226 | H10: 0.064516129
E11: Grand Total | F11: 0.77333333 | G11: 0.16 | H11: 0.066666667
A12: Q3 | E12: Q4
A13: Employment Status | B13: Average of Perf_Score | E13: Performance Band | F13: Sum of Bonus Amount
A14: Active | B14: 67.741379 | E14: Achieving | F14: 165216.95
A15: Left | B15: 66.208333 | E15: Developing | F15: 84593.28
A16: Resigned | B16: 76.4 | E16: Exceeding | F16: 144689.44
A17: Grand Total | B17: 68.073333 | E17: Needs Improvement | F17: 0
E18: Outstanding | F18: 92411.52
E19: Grand Total | F19: 486911.19

Sheet Lookup_Departments
A1: Dept_Code | B1: Department_Name
A2: HR01 | B2: Human Resources
A3: IT02 | B3: Information Technology
A4: FIN03 | B4: Finance
A5: MKT04 | B5: Marketing
A6: SAL05 | B6: Sales
A7: OPS06 | B7: Operations

Sheet Lookup_Performance
A1: Min_Score | B1: Max_Score | C1: Performance_Band | D1: Bonus_Percentage
A2: 0 | B2: 49 | C2: Needs Improvement | D2: 0
A3: 50 | B3: 69 | C3: Developing | D3: 0.02
A4: 70 | B4: 84 | C4: Achieving | D4: 0.05
A5: 85 | B5: 94 | C5: Exceeding | D5: 0.08
A6: 95 | B6: 100 | C6: Outstanding | D6: 0.12
